<?xml version="1.0" encoding="UTF-8"?>
<faces-config
    xmlns="http://xmlns.jcp.org/xml/ns/javaee"
    xmlns:xsi="http://www.w3.org/2001/XMLSchema-instance"
    xsi:schemaLocation="http://xmlns.jcp.org/xml/ns/javaee http://xmlns.jcp.org/xml/ns/javaee/web-facesconfig_2_2.xsd"
    version="2.2">

<application>
    <action-listener>org.primefaces.application.DialogActionListener</action-listener>
	<navigation-handler>org.primefaces.application.DialogNavigationHandler</navigation-handler>
	<view-handler>org.primefaces.application.DialogViewHandler</view-handler>
    
    <message-bundle>
          mz.sghorario.resources.Messages
    </message-bundle>
</application>

</faces-config>
